labels,balaban,nodes,edges,estrada,narumi,padmakar_ivan,polarity_nr,randic,szeged,wiener,zagreb,schultz,mod_zagreb,hyp_wiener,n_impurity,label_entropy,edge_strength
1,1.0,2,1,3.0861614,1.0,0,0,1.0,1.0,1,2,4,2.0,1.0,0.6666666666666666,1.0,0.0
1,5.916448193570833,50,49,281.60701344458244,2821109841920.0,2352,67,23.261942,11054.0,11054,226,41992,50.00000035762787,69995.0,1.2413793103448276,1.0123142790419384,1.1224489795918366
0,1.8986564636775762,20,22,130.2355248044,944784.0,438,39,9.396754,1470.0,692,112,2988,20.00000023841858,1904.0,0.9090909090909091,0.8112781244591328,2.1818181818181817
1,1.8307710362044771,16,18,40.88189,186624.0,282,29,7.787694,854.0,378,88,1724,16.00000011920929,917.0,0.8,0.5435644431995964,2.4444444444444446
0,2.5395388613593908,5,4,10.118118,6.0,12,2,2.2700553,18.0,18,16,68,5.000000059604645,28.0,1.0,1.5219280948873626,1.25
0,2.1712966618489173,11,11,25.734575,864.0,104,11,5.1815405,250.0,166,50,679,11.0,408.0,1.1428571428571428,1.0957952550009338,2.1818181818181817
1,2.6086742382081716,19,19,44.90551,82944.0,336,29,8.929087,962.0,728,90,2827,18.999999940395355,2377.0,1.4545454545454546,1.29499507471547,1.7894736842105263
1,1.6811325153966705,16,17,99.66110141799003,82944.0,260,20,7.75402,753.0,485,78,2086,15.999999940395355,1546.0,1.2,0.8960382325345574,2.4705882352941178
1,2.122484084104582,18,19,111.19026098543524,104976.0,330,30,8.396755,927.0,555,94,2304,18.000000178813934,1518.0,0.9230769230769231,0.9182958340544894,2.263157894736842
0,2.437159260034696,11,11,25.968475,648.0,104,14,5.1090612,236.0,150,52,611,11.00000011920929,327.0,0.6666666666666666,0.43949698692151334,1.0
1,2.1250162554146717,8,8,18.479023,192.0,50,7,3.9318519,109.0,64,34,280,7.999999940395355,122.0,1.0,1.061278124459133,2.5
0,1.9612537707115492,22,23,53.694923,1492992.0,492,36,10.397995,1706.0,1075,112,4372,22.000000059604645,3814.0,1.4666666666666666,1.5088584648535124,1.6521739130434783
1,1.8236971344950355,16,18,40.975807,186624.0,279,27,7.8088617,694.0,385,88,1736,16.0,952.0,1.1428571428571428,0.5435644431995964,2.6666666666666665
0,2.4705134897620322,11,11,25.968481,648.0,104,14,5.109061,232.0,148,52,603,11.00000011920929,315.0,1.1111111111111112,1.4353713907745334,2.1818181818181817
0,1.8599931674583714,21,22,51.16012,839808.0,450,32,9.879918,1462.0,980,106,4040,21.00000011920929,3517.0,1.2,1.5301404544057031,2.1818181818181817
1,1.5986594573645951,14,15,33.881943,36864.0,198,15,6.9494896,541.0,343,66,1516,13.99999988079071,1032.0,0.8,0.5916727785823274,2.6
0,2.1722136646615424,20,21,49.370438,331776.0,408,35,9.248037,1128.0,744,106,3070,19.99999988079071,2204.0,1.0909090909090908,1.0762976257251988,2.142857142857143
1,2.3755216944969977,13,13,30.334229,3456.0,150,17,6.3123918,380.0,256,58,1015,12.99999988079071,663.0,1.1428571428571428,0.6193821946787638,2.0
0,2.447472887876344,7,6,14.474485,32.0,30,4,3.4142137,56.0,56,22,204,7.0,126.0,0.8,0.8631205685666311,1.3333333333333333
0,2.1312821385375686,10,10,23.241674,576.0,84,9,4.7876935,189.0,126,44,526,10.0,287.0,0.6666666666666666,0.46899559358928117,2.2
1,2.184105569636068,6,6,13.991826,48.0,29,2,2.893847,33.0,26,26,126,6.0,39.0,1.4285714285714286,1.459147917027245,1.1666666666666667
1,1.9152685288707767,19,21,48.3927,629856.0,396,38,9.019744,1274.0,592,106,2587,19.000000298023224,1547.0,0.9090909090909091,1.2319817814011407,2.238095238095238
1,2.7541847860376616,6,5,12.407307,12.0,20,4,2.8080602,31.0,31,20,114,6.0,54.0,0.8571428571428571,1.0,1.0
1,5.062665715038709,13,12,68.1253782157199,324.0,132,24,5.7735023,216.0,216,60,768,13.000000238418579,450.0,1.7142857142857142,1.2389012566026307,1.3333333333333333
1,2.1399633186493645,7,7,16.281296,96.0,40,4,3.4318519,52.0,43,30,194,6.999999940395355,75.0,1.0,0.8631205685666311,2.5714285714285716
0,1.9541132662721914,18,21,49.51764,373248.0,378,43,8.275727,755.0,448,120,2064,18.0,998.0,1.0,0.9182958340544894,1.0952380952380953
0,1.7580563441488266,19,23,55.298557,1679616.0,444,46,8.775727,879.0,520,134,2502,19.000000059604645,1203.0,1.0666666666666667,1.1674367232867007,1.0434782608695652
1,2.1250162554146717,8,8,18.479023,192.0,50,7,3.9318519,109.0,64,34,280,7.999999940395355,122.0,0.6666666666666666,0.5435644431995964,2.625
0,2.2395388055588143,10,10,23.261345,576.0,84,11,4.842536,184.0,121,44,504,10.0,263.0,0.8,0.9219280948873624,2.3
0,2.3186264693220036,13,13,30.32347,3456.0,150,16,6.2743874,354.0,258,58,1035,12.999999940395355,666.0,0.8571428571428571,0.9912642605354288,1.8461538461538463
1,1.9989394851788977,5,5,13.011846,24.0,18,2,2.4318514,17.0,17,22,86,4.999999940395355,26.0,1.0,0.9709505944546688,1.0
0,2.257153237303141,7,7,16.487751,72.0,40,4,3.2876937,51.0,41,32,186,7.0,68.0,1.3333333333333333,0.9852281360342515,1.2857142857142858
0,2.1229179499593664,7,7,16.189602,96.0,36,5,3.393847,78.0,42,30,193,7.0,71.0,0.0,0.0,2.7142857142857144
1,1.9697731935234024,9,10,22.580233,1152.0,80,9,4.4663267,144.0,79,46,390,8.999999940395355,143.0,1.0,0.5032583347756457,3.0
0,1.6326175306486344,33,36,212.60222787384905,17414258688.0,1230,60,15.977096,5254.0,2882,174,12078,33.0,11311.0,1.2857142857142858,0.7607327460318963,1.8055555555555556
1,1.6329931618554523,3,2,5.356367,2.0,2,0,1.4142135,4.0,4,6,16,3.0,5.0,0.6666666666666666,0.9182958340544894,1.0
1,1.6488581993028735,10,12,29.592916,5184.0,109,11,4.932653,179.0,113,60,595,9.99999988079071,234.0,1.1428571428571428,0.7219280948873623,1.0
0,2.145059798973702,17,18,105.42514466846839,69984.0,292,29,8.040913,860.0,470,88,1952,17.00000011920929,1238.0,1.3333333333333333,1.159554752378731,1.8333333333333333
0,1.7787054568764675,23,25,57.165302,17915904.0,568,37,11.2363825,1571.0,1109,118,4722,23.00000011920929,3588.0,1.3333333333333333,0.8404914014731814,2.04
1,2.1923771580194713,8,8,18.682503,144.0,50,7,3.7876935,110.0,62,36,272,8.0,115.0,0.8,0.8112781244591328,2.5
0,4.8538927898799065,21,20,114.24179562694847,82944.0,380,24,9.666008,968.0,968,92,3544,21.00000023841858,3208.0,1.5238095238095237,1.409975018822061,1.2
1,2.5395388613593903,5,4,10.118118,6.0,12,2,2.2700555,18.0,18,16,68,5.000000059604645,28.0,0.6666666666666666,0.7219280948873623,1.5
1,2.1250162554146717,8,8,18.479023,192.0,50,7,3.9318516,109.0,64,34,280,7.999999940395355,122.0,0.0,0.0,2.5
1,1.6399812661384077,24,27,61.641197,71663616.0,663,44,11.609027,1947.0,1164,134,5143,23.99999988079071,3627.0,1.1111111111111112,0.6500224216483541,2.3703703703703702
0,2.5913883014026067,13,13,30.974194,1728.0,150,18,5.9535255,346.0,234,64,933,12.999999940395355,546.0,1.4285714285714286,1.4885252948977485,2.076923076923077
0,2.2283621149350434,9,9,20.971926,288.0,66,9,4.3045306,142.0,88,40,375,9.000000059604645,176.0,0.6666666666666666,0.5032583347756457,2.3333333333333335
1,2.3237900077244498,4,3,7.8291545,3.0,6,0,1.7320507,9.0,9,12,36,4.0000001192092896,12.0,1.2,1.5,1.3333333333333333
0,2.1923771580194713,8,8,18.682503,144.0,50,7,3.7876935,110.0,62,36,272,8.0,115.0,0.8,1.061278124459133,2.5
0,2.3237900077244498,4,3,7.8291545,3.0,6,0,1.7320507,9.0,9,12,36,4.0000001192092896,12.0,1.2,0.8112781244591328,1.0
0,2.3462271738277805,9,9,21.18569,216.0,66,10,4.198377,144.0,84,42,357,9.000000059604645,160.0,0.8571428571428571,1.2243944454059859,2.3333333333333335
1,2.8318199660707846,7,6,14.687113,24.0,30,5,3.3080602,50.0,50,24,182,7.0,99.0,1.3333333333333333,1.3787834934861756,1.3333333333333333
0,1.863552467523932,19,20,45.7271,663552.0,368,24,9.270857,1024.0,736,90,3074,19.0,2371.0,1.25,0.5907239186406503,2.2
0,2.335262877662352,12,12,69.28312800177486,1296.0,126,13,5.5753875,301.0,202,56,814,12.0,489.0,1.5555555555555556,0.9182958340544894,1.0833333333333333
1,1.376636726333272,28,30,69.07585,286654464.0,852,42,13.348173,3628.0,2428,144,10292,27.99999988079071,12034.0,1.3333333333333333,1.4263445470433742,2.3333333333333335
0,2.1765654202809763,17,18,105.42514466846839,41472.0,292,29,7.716162,838.0,460,94,1920,16.999999940395355,1189.0,1.5,2.063558608511122,1.8888888888888888
1,1.959419276617892,21,22,128.49050085761,746496.0,439,30,9.786712,1294.0,939,108,3875,21.0,3181.0,1.2941176470588236,1.6956893045363466,2.1363636363636362
0,2.6089165213500305,12,12,28.68501,864.0,126,16,5.4097023,279.0,183,60,738,12.0,397.0,0.8,0.6500224216483541,2.0
0,2.07479993829639,13,14,32.488632,6912.0,168,19,6.084117,446.0,220,70,970,13.0,488.0,1.0,0.3912435636292556,1.9285714285714286
0,1.627884053746404,22,26,59.09078,40310784.0,589,51,10.66387,2007.0,824,136,3830,21.999999940395355,2211.0,1.2307692307692308,0.8315435491770657,1.5
1,2.9934972434784735,6,5,12.610553,9.0,20,4,2.6427343,29.0,29,22,108,6.000000178813934,47.0,1.1428571428571428,0.9182958340544894,1.2
1,3.8246842032074952,9,8,19.721832,64.0,56,12,4.2426405,88.0,88,36,316,9.0,170.0,0.8888888888888888,1.4355205042826666,1.0
1,3.19650484790533,19,18,42.052414,98304.0,306,18,9.346065,1032.0,1032,72,3858,18.999999940395355,4851.0,1.1111111111111112,0.7742433029172697,1.0
0,3.149136959032342,24,23,53.67303,2359296.0,506,25,11.756749,2139.0,2139,94,8098,24.0,12925.0,1.3333333333333333,0.49715018363696695,1.0869565217391304
1,1.6329931618554523,3,2,5.356367,2.0,2,0,1.4142135,4.0,4,6,16,3.0,5.0,0.6666666666666666,0.9182958340544894,1.0
0,2.622885784472662,14,14,33.467094,2592.0,176,20,6.320386,427.0,289,70,1140,14.000000059604645,711.0,1.3333333333333333,1.5916727785823275,2.0
0,1.8197724963472475,32,35,206.85105645329435,1224440064.0,1154,76,14.77252,4919.0,2350,186,9888,32.00000041723251,8109.0,1.0909090909090908,1.1216407621868583,1.4857142857142858
0,2.1250162554146717,8,8,18.479023,192.0,50,7,3.9318519,109.0,64,34,280,7.999999940395355,122.0,0.6666666666666666,0.5435644431995964,2.5
1,3.686062657073574,11,10,24.464376,192.0,90,12,5.0378227,168.0,168,46,608,11.000000059604645,405.0,1.5,1.8230679822736608,1.2
1,1.6921962173509815,17,18,105.42514466846839,93312.0,280,20,8.058551,676.0,580,86,2442,17.0,1947.0,1.5,1.522189872165821,1.7777777777777777
1,2.53006045688352,8,7,16.754072,64.0,42,5,3.9142134,84.0,84,26,306,8.0,210.0,1.0,0.8112781244591328,1.0
0,2.1399633186493645,7,7,16.281296,96.0,40,4,3.4318519,52.0,43,30,194,6.999999940395355,75.0,1.0,0.8631205685666311,2.4285714285714284
0,2.3237900077244498,4,3,7.8291545,3.0,6,0,1.7320507,9.0,9,12,36,4.0000001192092896,12.0,0.0,0.0,1.3333333333333333
0,2.4627728730829967,15,15,35.745968,5184.0,204,21,6.8262043,518.0,374,74,1479,15.000000059604645,1041.0,1.0,1.1589385323502772,1.8666666666666667
0,2.2599025962240935,10,10,23.464825,432.0,84,11,4.698377,192.0,120,46,498,10.000000059604645,262.0,0.0,0.0,1.2
0,1.94871061715443,18,19,43.884674,186624.0,330,26,8.575388,939.0,603,90,2524,18.000000059604645,1820.0,1.0,0.7642045065086203,2.3157894736842106
0,2.0365209742257626,19,20,46.60144,248832.0,368,28,8.876029,1038.0,678,98,2818,18.999999940395355,2040.0,1.1111111111111112,0.8314743880097293,2.2
1,1.94871061715443,18,19,43.884674,186624.0,330,26,8.575388,939.0,603,90,2524,18.000000059604645,1820.0,1.0,0.7642045065086203,2.263157894736842
1,2.0,6,6,13.696714,64.0,24,3,3.0,54.0,27,24,132,6.0,42.0,1.0,0.6500224216483541,3.0
0,1.6325354291253222,31,33,76.37218,1289945088.0,1038,50,14.707545,4226.0,2786,160,11589,30.999999940395355,12345.0,1.4285714285714286,1.640966165858977,2.212121212121212
0,2.3956341215135133,11,11,25.968018,648.0,104,14,5.109061,240.0,152,52,619,11.00000011920929,337.0,1.1111111111111112,1.4353713907745334,2.1818181818181817
0,2.3390923149762908,6,5,12.1949005,16.0,20,3,2.9142137,35.0,35,18,128,6.0,70.0,1.0,1.459147917027245,1.4
0,2.1097395262078864,14,14,32.59391,6912.0,176,16,6.7363825,479.0,354,62,1412,14.0,1105.0,0.8,0.5916727785823274,1.8571428571428572
0,2.5395388613593903,5,4,10.118118,6.0,12,2,2.2700555,18.0,18,16,68,5.000000059604645,28.0,0.6666666666666666,0.7219280948873623,1.25
0,1.6329931618554523,3,2,5.356367,2.0,2,0,1.4142135,4.0,4,6,16,3.0,5.0,0.6666666666666666,0.9182958340544894,1.5
0,2.1852638813143517,13,14,32.604183,5832.0,168,22,6.125898,352.0,211,70,922,13.000000238418579,444.0,1.7142857142857142,1.419556298571613,1.8571428571428572
1,2.100884204123554,14,14,32.88125,5184.0,173,14,6.5922236,397.0,356,64,1412,14.000000059604645,1116.0,1.3846153846153846,1.556656707462823,1.9285714285714286
1,2.193559722576164,16,17,39.399265,55296.0,260,29,7.7143793,637.0,385,82,1634,15.999999940395355,938.0,1.5,1.061278124459133,1.8235294117647058
0,1.5101827403573167,25,27,63.07166,26873856.0,669,38,11.847372,2218.0,1633,134,6919,25.000000059604645,6838.0,1.4736842105263157,1.5394705707972522,1.5555555555555556
1,2.083333333333333,5,5,11.496186,32.0,20,0,2.5,20.0,15,20,80,5.0,20.0,1.0,0.7219280948873623,1.0
0,2.3956341215135133,11,11,25.968018,648.0,104,14,5.109061,240.0,152,52,619,11.00000011920929,337.0,1.1111111111111112,1.4353713907745334,2.1818181818181817
1,2.447472887876344,7,6,14.474485,32.0,30,4,3.4142134,56.0,56,22,204,7.0,126.0,1.0,1.3787834934861756,1.0
0,2.5395388613593903,5,4,10.118118,6.0,12,2,2.2700555,18.0,18,16,68,5.000000059604645,28.0,0.8,1.370950594454669,1.0
1,1.9323192636083937,11,12,27.268192,3456.0,118,14,5.360173,308.0,144,56,664,10.999999940395355,305.0,1.2,0.6840384356390417,2.1666666666666665
1,1.9323192636083937,11,12,27.26819,3456.0,118,14,5.3601737,308.0,144,56,664,10.999999940395355,305.0,1.2,0.6840384356390417,2.0833333333333335
0,2.5395388613593903,5,4,10.118118,6.0,12,2,2.2700555,18.0,18,16,68,5.000000059604645,28.0,1.3333333333333333,1.5219280948873626,1.25
1,1.6767139418677932,19,21,47.912384,1119744.0,400,31,9.147868,1292.0,670,102,2955,19.0,2025.0,1.5714285714285714,0.9494520153879485,2.619047619047619
0,1.9989394851788977,5,5,13.011846,24.0,18,2,2.4318514,17.0,17,22,86,4.999999940395355,26.0,1.0,0.7219280948873623,1.0
0,1.3468483189779863,29,33,75.20646,3265173504.0,994,57,14.011572,4351.0,2115,166,9370,29.0,8409.0,1.2222222222222223,0.7355085815538399,1.7878787878787878
0,3.3604351426960584,7,6,15.122655,16.0,30,6,3.1213202,44.0,44,28,162,7.0,76.0,1.5,1.4488156357251847,1.1666666666666667
0,1.8015662584877097,15,16,36.59891,41472.0,228,19,7.2540197,618.0,378,74,1636,14.999999940395355,1063.0,0.8,0.6998428398862386,2.5
1,2.3237900077244498,4,3,7.8291545,3.0,6,0,1.7320507,9.0,9,12,36,4.0000001192092896,12.0,1.2,1.5,1.0
0,1.7596405216728228,20,22,50.202293,2239488.0,438,33,9.664703,1403.0,744,106,3232,20.000000059604645,2176.0,1.3333333333333333,0.747584679824574,2.090909090909091
0,2.29221484114804,12,12,28.034283,1728.0,126,14,5.7363815,297.0,206,54,832,12.0,511.0,1.0,1.0408520829727552,2.0
0,3.1442082073698243,7,6,14.899965,18.0,30,6,3.1807392,46.0,46,26,168,7.0000001192092896,83.0,1.2,0.8631205685666311,1.3333333333333333
0,1.875478961447879,33,36,212.60222787384905,1836660096.0,1224,80,15.200042,5208.0,2494,192,10444,33.0000005364418,8540.0,1.0833333333333333,1.14630864593417,1.4722222222222223
0,1.4072560705342119,36,39,89.5175,104485552128.0,1456,61,17.278097,6523.0,4182,188,17686,36.000000059604645,20255.0,1.2727272727272727,1.2449187529382073,2.282051282051282
1,2.5395388613593908,5,4,10.118118,6.0,12,2,2.2700553,18.0,18,16,68,5.000000059604645,28.0,0.6666666666666666,0.7219280948873623,1.25
0,2.0404444890883626,26,27,157.3348503455365,11943936.0,690,43,12.102522,2327.0,1669,134,6732,25.99999988079071,6331.0,1.411764705882353,1.823026490712885,2.074074074074074
0,1.6070371609282184,24,26,61.015682,10077696.0,618,39,11.236889,1899.0,1365,132,5789,24.00000023841858,5151.0,1.411764705882353,1.3868421881310118,1.5769230769230769
1,2.1923771580194713,8,8,18.682503,144.0,50,7,3.7876935,110.0,62,36,272,8.0,115.0,0.8,0.8112781244591328,2.5
0,2.5317540988978915,17,17,39.889496,31104.0,266,24,8.095755,740.0,538,78,2093,17.000000059604645,1635.0,1.2,1.3328204045850196,1.7647058823529411
0,2.7872351510766293,13,13,31.005802,1458.0,150,23,6.0021067,346.0,220,64,869,13.000000298023224,479.0,1.0,1.2957378005380122,1.9230769230769231
1,2.9934972434784735,6,5,12.610553,9.0,20,4,2.6427343,29.0,29,22,108,6.000000178813934,47.0,1.1428571428571428,0.9182958340544894,1.2
0,2.19060968716425,5,4,9.915316,8.0,12,2,2.4142134,20.0,20,14,74,5.0,35.0,0.6666666666666666,0.7219280948873623,1.0
1,2.4429726284560433,11,11,25.764997,864.0,104,14,5.253219,228.0,150,50,611,11.000000059604645,322.0,1.25,1.2406705316766884,2.1818181818181817
0,2.1872929251481534,23,24,56.656174,1062882.0,540,46,10.589998,1708.0,1096,122,4434,23.000000596046448,3542.0,1.0,1.2088301752949477,2.0
0,2.3328316991465923,12,12,28.043663,1728.0,126,15,5.7532187,283.0,202,54,820,12.000000059604645,489.0,1.0,0.8166890883150209,2.0
1,3.642505607581734,17,16,38.121986,10368.0,240,18,7.9896007,650.0,650,70,2398,17.0,2409.0,0.9090909090909091,0.8739810481273579,1.0
0,1.3414796579873691,22,25,58.3487,20155392.0,560,35,10.685872,1572.0,1081,124,4922,22.0,3869.0,1.2857142857142858,0.9373012413074897,1.52
1,1.6329931618554523,3,2,5.356367,2.0,2,0,1.4142135,4.0,4,6,16,3.0,5.0,1.0,0.9182958340544894,1.0
0,2.2951417478396072,12,12,28.247145,1296.0,126,15,5.609061,314.0,206,56,828,12.00000011920929,521.0,1.25,1.2806721295208872,2.1666666666666665
1,2.1250162554146717,8,8,18.479023,192.0,50,7,3.9318516,109.0,64,34,280,7.999999940395355,122.0,0.0,0.0,1.25
0,2.6841053599850984,19,20,48.552437,46656.0,358,46,8.452135,732.0,540,112,2158,19.00000023841858,1268.0,1.1111111111111112,1.5090275125326513,1.15
1,2.6782577431647265,7,6,14.677512,24.0,30,4,3.2700555,52.0,52,24,190,7.000000059604645,108.0,1.2,1.3787834934861756,1.1666666666666667
0,1.6329931618554523,3,2,5.356367,2.0,2,0,1.4142135,4.0,4,6,16,3.0,5.0,0.6666666666666666,0.9182958340544894,0.5
1,2.5395388613593903,5,4,10.118118,6.0,12,2,2.2700555,18.0,18,16,68,5.000000059604645,28.0,0.6666666666666666,0.7219280948873623,1.25
1,0.9287148751007471,64,71,163.65681,5.990250178895728e+19,4708,134,30.31633,37572.0,20452,362,88514,63.999999701976776,153872.0,1.446808510638298,1.9764097655573916,2.0985915492957745
0,2.046920975581053,11,11,25.521036,1152.0,104,10,5.2876935,246.0,174,48,717,11.0,446.0,1.2,0.6840384356390417,2.1818181818181817
0,1.6976020468383124,26,28,64.30381,95551488.0,738,39,12.466945,2287.0,1609,134,6856,26.0,5743.0,1.5555555555555556,0.8451064151274782,2.3214285714285716
0,2.082830314351826,25,26,151.56521845365424,3359232.0,638,42,11.3025675,2208.0,1464,134,5896,25.0,5324.0,1.0,0.6395563653739031,1.9230769230769231
1,3.0237157840738176,5,4,10.524391,4.0,12,0,2.0,16.0,16,20,64,5.0,22.0,0.6666666666666666,0.7219280948873623,1.0
0,2.8667307263492994,11,11,26.76735,324.0,104,19,4.886751,156.0,132,58,532,11.000000178813934,249.0,1.0,0.9940302114769566,1.1818181818181819
0,1.5333258757470012,30,31,180.4160372266725,226492416.0,918,39,13.968874,4172.0,3302,150,13508,29.999999821186066,19401.0,1.3333333333333333,0.5608251769947301,1.7741935483870968
1,1.9970356930850521,17,18,41.188297,165888.0,294,24,8.325698,750.0,498,82,2108,17.0,1371.0,1.25,0.8343470230852539,1.7222222222222223
1,3.168489872670569,6,5,12.823411,8.0,20,3,2.5606601,28.0,28,24,106,6.0,44.0,1.1428571428571428,0.9182958340544894,1.0
1,2.016349182031877,23,24,140.02699740140255,4478976.0,530,35,10.9692335,2322.0,1150,112,4762,23.000000059604645,3836.0,1.0909090909090908,0.7553754125614287,1.625
0,3.9851644508585786,12,11,26.75402,324.0,110,16,5.540111,206.0,206,50,742,12.000000178813934,501.0,0.9230769230769231,1.0,1.0
1,1.8848310500604206,13,14,31.836731,13824.0,170,17,6.37701,426.0,240,64,1066,13.0,583.0,0.6666666666666666,0.3912435636292556,2.7142857142857144
0,2.3390923149762908,6,5,12.1949005,16.0,20,3,2.9142137,35.0,35,18,128,6.0,70.0,1.2,1.2516291673878228,1.6
1,3.5411969650799016,7,6,15.326359,12.0,30,6,2.9433758,42.0,42,30,156,7.000000059604645,69.0,1.25,0.8631205685666311,1.0
1,2.2395388055588143,10,10,23.261345,576.0,84,11,4.842536,184.0,121,44,504,10.0,263.0,1.0,1.370950594454669,2.3
1,1.6812348546385059,15,16,36.588387,41472.0,228,18,7.2371836,668.0,404,74,1746,14.99999988079071,1246.0,0.8,0.5665095065529053,2.5
0,2.222620189322875,16,16,37.80103,13824.0,234,20,7.443489,680.0,500,76,1972,16.0,1654.0,1.3846153846153846,1.9056390622295665,1.9375
0,2.399706582197931,7,7,16.710953,64.0,40,4,3.2071066,48.0,39,34,180,7.0,61.0,1.3333333333333333,1.3787834934861756,1.4285714285714286
0,2.4573128783417397,16,16,37.8319,13824.0,234,23,7.542154,632.0,457,76,1792,15.999999940395355,1356.0,1.5,1.501614471810182,1.8125
0,1.8294658064575662,16,17,99.66110141799003,62208.0,260,21,7.6478667,726.0,449,80,1918,15.999999940395355,1302.0,1.6923076923076923,1.4197367178034828,2.411764705882353
0,2.32999144727463,10,10,23.475115,432.0,84,12,4.736382,191.0,117,46,484,10.0,247.0,1.0,0.9219280948873624,2.2
0,2.3408516164378748,9,9,21.176083,216.0,66,9,4.1815405,144.0,84,42,357,9.0,159.0,1.8,0.9182958340544894,2.3333333333333335
0,3.0237157840738176,5,4,10.524391,4.0,12,0,2.0,16.0,16,20,64,5.0,22.0,1.3333333333333333,1.370950594454669,1.0
1,2.508504637883458,11,11,25.97854,648.0,104,15,5.125898,228.0,146,52,595,11.000000178813934,306.0,1.1428571428571428,1.3092966682370037,2.1818181818181817
0,2.5760163295034144,12,12,28.582296,972.0,125,17,5.574586,216.0,188,58,748,12.000000178813934,422.0,1.0769230769230769,1.0,1.1666666666666667
0,2.4234687750645625,15,15,35.32027,7776.0,204,21,7.0577493,538.0,384,70,1511,15.00000011920929,1102.0,1.0909090909090908,0.9182958340544894,1.8666666666666667
0,2.599903826622149,13,13,30.761328,1944.0,150,19,6.036581,348.0,234,62,929,13.000000238418579,545.0,1.2,1.419556298571613,2.076923076923077
1,2.5395388613593908,5,4,10.118118,6.0,12,2,2.2700553,18.0,18,16,68,5.000000059604645,28.0,1.0,0.9709505944546688,1.25
0,2.8835276449962897,15,15,35.78906,4374.0,204,27,6.9127903,496.0,328,74,1275,15.000000357627869,782.0,1.125,1.7464657985040721,1.8666666666666667
1,2.512056640102984,28,28,65.197,47775744.0,750,38,13.565611,2734.0,2388,124,9256,27.999999940395355,11252.0,1.3333333333333333,0.5916727785823274,1.5
1,3.6065289072369584,12,11,26.521034,432.0,110,13,5.61259,224.0,224,48,812,12.000000059604645,596.0,1.4,1.4182958340544896,1.1818181818181819
0,2.307223618643375,14,14,32.807228,5184.0,176,17,6.630229,474.0,328,64,1296,14.0,942.0,1.2,1.1488348542809168,1.9285714285714286
0,1.9275899862556671,17,18,41.838787,82944.0,294,26,7.998037,828.0,516,88,2182,16.99999988079071,1535.0,0.8,0.5225593745369408,2.3333333333333335
0,2.34622717382778,9,9,21.18569,216.0,66,10,4.1983767,144.0,84,42,357,9.000000059604645,160.0,0.8571428571428571,1.2243944454059863,2.3333333333333335
0,2.851917176729192,14,13,30.63461,3072.0,156,11,6.770056,444.0,444,52,1646,14.000000059604645,1732.0,1.0,0.946372935985442,1.0769230769230769
0,2.3237900077244498,4,3,7.8291545,3.0,6,0,1.7320507,9.0,9,12,36,4.0000001192092896,12.0,1.2,0.8112781244591328,1.0
1,1.8695152004513775,18,20,45.888783,419904.0,356,35,8.609061,1130.0,519,100,2296,18.00000023841858,1342.0,0.8571428571428571,0.8030717273241025,2.3
1,2.48726564121395,10,10,57.73594000147904,324.0,84,13,4.609061,184.0,110,48,456,10.00000011920929,215.0,0.8888888888888888,1.370950594454669,2.2
1,1.9747448713915894,4,3,7.635733,4.0,6,1,1.9142135,10.0,10,10,38,4.0,15.0,0.8,1.0,1.0
1,1.8292676559911007,15,17,38.68,93312.0,248,25,7.2708564,628.0,317,84,1456,15.000000059604645,743.0,1.2,0.9055872616982602,2.3529411764705883
0,1.7810687102780816,23,24,55.07888,7962624.0,540,31,11.219545,1770.0,1340,108,5522,23.0,5378.0,1.3333333333333333,0.6665783579949205,2.0833333333333335
0,2.1659635854873978,8,8,18.452736,192.0,55,9,3.893847,88.0,61,34,272,8.0,109.0,1.2,1.061278124459133,1.125
0,2.1804017457062086,9,9,20.971924,288.0,66,9,4.3256984,150.0,90,40,381,8.999999940395355,187.0,1.0,0.9864267287308426,2.3333333333333335
0,1.806273586125623,29,31,182.0350817205187,286654464.0,910,51,13.691837,3402.0,2108,154,8765,28.99999988079071,8038.0,1.368421052631579,1.7665504966998746,2.2580645161290325
1,1.9204959604792382,12,13,29.855698,5184.0,143,15,5.770857,307.0,188,62,841,12.0,431.0,1.4,1.3844315043405981,2.6153846153846154
1,3.69625475861498,26,25,58.657684,5308416.0,600,29,12.565611,2351.0,2351,106,8860,25.99999988079071,12968.0,1.3333333333333333,0.6193821946787638,1.08
0,1.6643448714265148,16,18,40.84018,186624.0,282,25,7.720347,926.0,414,88,1884,15.99999988079071,1131.0,1.0909090909090908,1.061278124459133,2.3333333333333335
0,1.5369584477687535,19,21,47.474506,1990656.0,400,28,9.343336,1246.0,722,98,3215,18.999999940395355,2344.0,0.8571428571428571,0.7742433029172696,2.6666666666666665
0,1.5865916519342393,23,25,57.253624,13436928.0,580,37,11.05855,1956.0,1204,120,5177,23.000000059604645,4304.0,1.0909090909090908,1.0889252905968954,2.44
0,1.5643199323542152,22,23,52.874454,3981312.0,483,27,10.702708,1625.0,1326,104,5507,21.999999940395355,5959.0,1.4,0.8315435491770657,1.565217391304348
0,2.184105569636068,6,6,13.991826,48.0,29,2,2.8938468,33.0,26,26,126,6.0,39.0,1.2,0.9182958340544894,1.1666666666666667
0,2.7897423577944465,24,24,138.5662560035497,2359296.0,546,34,11.416074,1632.0,1362,112,5248,23.999999940395355,4929.0,1.7142857142857142,1.7295739585136223,1.0833333333333333
0,2.3237900077244498,4,3,7.8291545,3.0,6,0,1.7320507,9.0,9,12,36,4.0000001192092896,12.0,1.0,1.0,1.3333333333333333
0,2.34622717382778,9,9,21.18569,216.0,66,10,4.1983767,144.0,84,42,357,9.000000059604645,160.0,0.8,0.7642045065086203,2.3333333333333335
0,2.2306376583301173,8,8,18.682726,144.0,50,7,3.7876935,108.0,61,36,268,8.0,110.0,0.8,0.8112781244591328,2.5
0,1.5178945039001899,24,25,57.231777,21233664.0,575,29,11.846867,2138.0,1767,110,7257,23.99999988079071,8817.0,1.3333333333333333,0.7382848661434506,1.48
1,2.083333333333333,5,5,11.496186,32.0,20,0,2.5,20.0,15,20,80,5.0,20.0,1.0,0.7219280948873623,3.0
0,2.3057911149384687,14,14,32.82599,5184.0,176,19,6.6850705,474.0,327,64,1292,14.0,940.0,1.3333333333333333,0.8631205685666311,2.0
0,1.6824884302593337,14,16,35.8539,82944.0,216,21,6.9326534,656.0,279,76,1324,13.99999988079071,680.0,1.1428571428571428,0.5916727785823274,2.5
1,1.849134754100721,19,21,48.055508,1327104.0,392,32,9.232017,951.0,617,102,2714,18.99999988079071,1665.0,1.5,0.9530138853315973,2.238095238095238
0,1.4409213935271643,33,36,83.16818,10319560704.0,1232,62,15.691838,5350.0,3166,180,13474,32.999999940395355,14044.0,1.368421052631579,1.6477260480811666,2.361111111111111
0,2.34622717382778,9,9,21.18569,216.0,66,10,4.1983767,144.0,84,42,357,9.000000059604645,160.0,0.8571428571428571,1.2243944454059859,2.3333333333333335
1,2.7541847860376616,6,5,12.407307,12.0,20,4,2.8080602,31.0,31,20,114,6.0,54.0,0.8571428571428571,1.459147917027245,1.0
1,2.4027392168426953,12,12,28.257668,1296.0,126,16,5.647065,305.0,198,56,794,12.000000059604645,475.0,1.2,1.3844315043405981,2.0833333333333335
1,1.651942176001945,20,21,48.423244,746496.0,408,26,9.541715,1416.0,951,98,3952,19.999999940395355,3733.0,1.0909090909090908,1.0540157730728,2.238095238095238
0,1.8949869639810066,22,23,53.043728,2985984.0,494,34,10.7274065,1759.0,1119,106,4544,21.999999821186066,4156.0,1.3333333333333333,1.0957952550009338,2.217391304347826
0,3.1442082073698243,7,6,14.899965,18.0,30,6,3.180739,46.0,46,26,168,7.0000001192092896,83.0,1.5,1.3787834934861756,1.1666666666666667
0,1.0651146096064992,51,56,331.33654416483085,5777632956252160.0,3040,92,24.246859,15828.0,11264,278,49026,51.0,72150.0,1.2857142857142858,1.5749010948634263,2.3214285714285716
0,2.413324848196347,9,9,21.195751,216.0,66,11,4.2152143,140.0,82,42,349,9.00000011920929,151.0,0.8,0.7642045065086203,2.3333333333333335
0,2.122917949959366,7,7,16.189602,96.0,36,5,3.3938468,78.0,42,30,193,7.0,71.0,0.6666666666666666,0.5916727785823274,2.7142857142857144
1,1.6883898152564414,18,20,118.74710878765663,419904.0,356,31,8.541714,1236.0,571,100,2524,18.0,1666.0,1.0666666666666667,1.2243944454059859,2.2
0,1.508232644351157,29,31,182.0350817205187,286654464.0,910,50,13.674999,4012.0,2488,154,10355,28.999999821186066,11678.0,1.368421052631579,1.7665504966998746,2.2580645161290325
1,1.6812348546385059,15,16,36.588387,41472.0,228,18,7.2371836,668.0,404,74,1746,14.99999988079071,1246.0,1.0,0.9055872616982602,2.5
0,1.83561734618163,16,17,38.897953,82944.0,260,22,7.787694,682.0,448,78,1930,16.000000059604645,1300.0,0.8,0.5435644431995964,2.4705882352941178
0,2.3415580132877536,17,17,39.87783,31104.0,266,23,8.0789175,754.0,574,78,2255,17.0,1895.0,1.1666666666666667,1.3784188527203234,1.8823529411764706
1,2.7541847860376616,6,5,12.407307,12.0,20,4,2.8080602,31.0,31,20,114,6.0,54.0,0.8571428571428571,1.459147917027245,1.0
0,1.9920607093980807,15,15,86.60391000221856,13824.0,204,15,7.181541,558.0,450,66,1811,15.0,1524.0,1.5555555555555556,0.9182958340544894,1.9333333333333333
1,2.2029873964674604,18,20,47.88741,93312.0,346,45,8.113932,684.0,459,114,1976,18.00000011920929,1046.0,1.0,0.9910760598382222,1.05
1,2.216265054186437,17,19,45.381042,62208.0,310,42,7.703248,579.0,388,108,1695,17.000000059604645,842.0,1.0,0.9774178175281716,1.105263157894737
1,2.5395388613593908,5,4,10.118118,6.0,12,2,2.2700553,18.0,18,16,68,5.000000059604645,28.0,1.0,0.9709505944546688,1.25
0,3.7200074585196026,12,11,26.753567,384.0,110,14,5.5758276,218.0,218,50,790,12.0,565.0,1.5384615384615385,2.054585169337799,1.1818181818181819
1,2.3237900077244498,4,3,7.8291545,3.0,6,0,1.7320507,9.0,9,12,36,4.0000001192092896,12.0,1.2,0.8112781244591328,1.0
1,2.0590489343338434,21,25,62.43391,786432.0,536,72,9.154701,1248.0,604,164,2739,21.0,1303.0,1.0,1.2285763800288914,1.04
0,1.9275899862556667,17,18,105.42514466846839,82944.0,294,26,7.9980373,828.0,516,88,2182,16.99999988079071,1535.0,1.2,1.321606958388347,2.4444444444444446
0,2.3960449098608665,10,10,23.475338,432.0,84,12,4.7152143,180.0,114,46,474,10.00000011920929,231.0,1.0,1.1567796494470395,2.3
0,1.991367594602798,21,22,51.18028,995328.0,450,32,9.952038,1412.0,932,106,3820,20.999999821186066,3156.0,1.2727272727272727,1.0230370655328809,2.090909090909091
1,2.4942777050466973,14,14,32.848415,6144.0,176,19,6.726492,421.0,307,64,1214,13.999999940395355,804.0,1.4285714285714286,1.975106032457374,1.0714285714285714
0,2.3307126609033597,18,18,42.371887,55296.0,300,23,8.453526,853.0,685,84,2698,17.999999940395355,2397.0,1.6,1.4046784730635713,1.8333333333333333
1,3.1477809454862653,23,23,132.7926620034018,559872.0,500,37,10.628447,1454.0,1082,112,4121,23.00000011920929,3356.0,1.411764705882353,1.67071450648479,1.608695652173913
1,2.734001406154292,19,19,45.1179,62208.0,336,30,8.863521,900.0,690,92,2677,19.000000059604645,2090.0,1.2941176470588236,1.657439042450237,1.736842105263158
0,2.3738557316390887,11,11,25.764767,864.0,104,14,5.2743874,242.0,154,50,625,10.999999940395355,344.0,1.1111111111111112,1.0957952550009338,2.090909090909091
0,4.111762459533849,12,11,26.97786,288.0,110,16,5.458543,201.0,201,52,724,12.000000059604645,476.0,1.3333333333333333,1.6140054628542204,1.1818181818181819
0,3.4994803314469776,9,8,19.479023,72.0,56,10,4.2567487,94.0,94,34,338,9.0,195.0,1.5,1.6577427265048887,1.125
0,2.1923771580194713,8,8,18.682503,144.0,50,7,3.7876935,110.0,62,36,272,8.0,115.0,0.8,0.8112781244591328,2.5
0,1.5021454506440932,27,30,69.37377,214990848.0,824,53,12.753691,3205.0,1772,154,7646,26.999999940395355,6917.0,1.0,0.5032583347756457,1.0333333333333334
0,2.2385482070862497,14,14,32.806316,5184.0,176,17,6.630229,483.0,336,64,1330,14.0,996.0,1.1111111111111112,1.2916919971380596,2.0
0,2.1250162554146717,8,8,18.479023,192.0,50,7,3.9318516,109.0,64,34,280,7.999999940395355,122.0,1.0,1.061278124459133,2.5
0,2.173831978453414,10,10,23.261345,576.0,84,11,4.863703,200.0,125,44,516,9.99999988079071,287.0,1.1428571428571428,1.370950594454669,1.4
0,1.1771296747862336,44,47,275.9332924339954,20061226008576.0,2138,68,21.117102,12342.0,8768,222,36998,44.000000059604645,61334.0,1.12,1.2433003685389579,2.148936170212766
1,1.6812348546385059,15,16,36.588387,41472.0,228,18,7.2371836,668.0,404,74,1746,14.99999988079071,1246.0,1.0,0.9055872616982602,2.5
0,2.3303139148505867,11,11,25.754473,864.0,104,13,5.2363825,240.0,156,50,635,11.0,353.0,1.1428571428571428,1.0957952550009338,2.1818181818181817
0,2.381920601819138,17,17,40.0923,27648.0,266,22,7.953525,722.0,566,80,2231,16.999999940395355,1840.0,1.5,1.7360411676599226,1.8823529411764706
1,2.0253922622179727,17,18,41.94053,69984.0,287,27,8.040913,715.0,496,88,2067,17.00000011920929,1398.0,1.5555555555555556,1.522189872165821,1.1666666666666667
0,2.3956341215135133,11,11,25.968018,648.0,104,14,5.109061,240.0,152,52,619,11.00000011920929,337.0,1.1111111111111112,1.4353713907745331,2.1818181818181817
1,1.7419711551002175,18,19,43.874138,186624.0,330,25,8.558551,1060.0,667,90,2794,18.0,2296.0,1.1666666666666667,1.404678473063571,2.3157894736842106
0,4.631935656857022,17,16,38.367332,9216.0,240,20,7.9543247,532.0,532,72,1928,17.00000011920929,1531.0,1.6,1.0863128407412879,1.125
1,1.7691125660884839,20,21,48.66607,559872.0,408,30,9.486071,1403.0,899,100,3712,20.00000011920929,3351.0,1.2727272727272727,0.747584679824574,2.1904761904761907
1,2.3462271738277805,9,9,21.18569,216.0,66,10,4.198377,144.0,84,42,357,9.000000059604645,160.0,0.8,0.9864267287308426,2.3333333333333335
0,2.1250162554146717,8,8,18.479023,192.0,50,7,3.9318519,109.0,64,34,280,7.999999940395355,122.0,0.0,0.0,2.625
1,1.6669752018916681,19,20,46.153034,373248.0,368,26,9.058551,1284.0,816,94,3394,19.0,3096.0,1.3333333333333333,0.4854607607459134,2.2
0,2.823984758784528,14,14,33.295685,2916.0,176,25,6.540111,418.0,272,68,1064,14.000000238418579,622.0,0.9230769230769231,1.3787834934861756,1.7142857142857142
0,3.686062657073574,11,10,24.464376,192.0,90,12,5.0378227,168.0,168,46,608,11.000000059604645,405.0,1.5,1.8230679822736608,1.2
0,1.7580563441488264,19,23,55.298553,1679616.0,444,46,8.775727,879.0,520,134,2502,19.000000059604645,1203.0,1.0666666666666667,1.1674367232867007,1.0434782608695652
0,4.581140764388247,23,22,52.235508,373248.0,462,27,10.815298,1330.0,1330,98,4912,22.999999940395355,5057.0,1.4166666666666667,1.7420763712293132,1.1818181818181819
0,2.7602520756252087,12,12,28.71592,729.0,126,21,5.464102,282.0,174,60,696,12.000000357627869,357.0,0.9230769230769231,1.0,1.0
1,2.9934972434784735,6,5,12.610553,9.0,20,4,2.6427343,29.0,29,22,108,6.000000178813934,47.0,1.1428571428571428,0.9182958340544894,1.2
0,2.509938883631114,10,10,57.73594000147904,288.0,84,11,4.4948006,182.0,109,50,454,10.0,211.0,0.6666666666666666,0.46899559358928117,1.2
0,4.535706183596174,18,17,41.110806,10368.0,272,27,8.345882,636.0,636,80,2318,18.00000011920929,2000.0,1.5,1.6794293668139548,1.1764705882352942
1,2.087219653513601,16,17,39.867943,31104.0,250,24,7.399666,560.0,405,86,1704,16.00000011920929,1055.0,1.6363636363636365,1.7947367178034828,1.1764705882352942
0,2.607876153343278,20,20,46.738552,248832.0,374,28,9.6337595,1144.0,853,90,3290,20.0,2886.0,1.2222222222222223,1.3527241956246545,1.65
1,1.177063764371732,44,49,112.063576,101559954309120.0,2236,86,21.34513,12331.0,6905,242,29939,43.999999821186066,37156.0,1.3548387096774193,0.9822877333688933,1.6938775510204083
0,1.754540060395632,19,24,57.730587,3359232.0,471,52,8.753889,943.0,487,146,2449,19.000000059604645,1062.0,1.0666666666666667,1.1674367232867007,1.0
0,2.448930265451223,16,16,38.015278,10368.0,234,21,7.303549,622.0,457,78,1794,16.0,1348.0,1.5,1.501614471810182,1.8125
1,2.201847249246513,16,16,37.365715,20736.0,234,19,7.630228,700.0,511,72,2008,16.0,1735.0,1.1111111111111112,1.014097655573916,1.8125
0,1.6670729433056641,15,16,36.384907,55296.0,228,18,7.3813415,666.0,408,72,1764,14.999999821186066,1270.0,1.1428571428571428,0.9055872616982602,2.5625
1,1.5620071600870298,19,20,45.72685,663552.0,368,24,9.270858,1150.0,850,90,3612,19.0,3302.0,1.1428571428571428,0.7742433029172697,2.3
0,2.510182008445796,12,12,69.28312800177486,1536.0,126,17,5.726492,271.0,190,56,770,11.999999940395355,429.0,1.5384615384615385,1.6258145836939113,1.0833333333333333
0,1.9621651670395865,20,22,50.896618,944784.0,438,41,9.430429,1426.0,670,112,2892,20.00000035762787,1765.0,0.9230769230769231,1.1567796494470395,2.1818181818181817
0,2.7007530741284804,13,13,30.985195,1458.0,150,21,5.9472647,350.0,226,64,895,13.000000298023224,508.0,1.1428571428571428,1.83392721764183,2.0
0,1.9275899862556667,17,18,105.42514466846839,82944.0,294,26,7.9980373,828.0,516,88,2182,16.99999988079071,1535.0,1.2,1.321606958388347,2.4444444444444446
1,2.9934972434784735,6,5,12.610553,9.0,20,4,2.6427343,29.0,29,22,108,6.000000178813934,47.0,1.1428571428571428,0.9182958340544894,1.0
1,1.7419711551002175,18,19,43.874138,186624.0,330,25,8.558551,1060.0,667,90,2794,18.0,2296.0,1.1666666666666667,1.404678473063571,2.3157894736842106
1,2.59614068514264,12,12,28.471918,972.0,126,17,5.5197444,286.0,184,58,738,12.000000178813934,400.0,1.0,1.6140054628542204,2.0833333333333335
0,4.6541262699779855,19,18,43.15764,27648.0,306,25,8.918363,738.0,738,82,2692,19.0,2344.0,1.5294117647058822,1.5779772001172403,1.1666666666666667
1,1.900529701024312,20,22,50.67204,1259712.0,438,39,9.519745,1428.0,691,110,2990,20.000000298023224,1887.0,1.1111111111111112,0.9917601481809734,2.227272727272727
1,2.7541847860376616,6,5,12.407307,12.0,20,4,2.8080602,31.0,31,20,114,6.0,54.0,0.8571428571428571,1.459147917027245,1.0
1,2.6154727113098115,18,18,42.179153,62208.0,300,26,8.633759,843.0,618,82,2392,18.0,1883.0,1.25,1.3472230399326601,1.7222222222222223
0,1.6329931618554523,3,2,5.356367,2.0,2,0,1.4142135,4.0,4,6,16,3.0,5.0,0.0,0.0,1.5
1,2.129503116653434,21,22,128.49050085761,995328.0,450,35,9.979418,1284.0,876,106,3592,20.99999988079071,2729.0,1.0909090909090908,1.0230370655328809,2.1363636363636362
1,4.4012847037164615,20,19,45.416428,55296.0,342,24,9.363522,910.0,910,86,3346,20.0,3211.0,1.2380952380952381,1.719973094021975,1.0526315789473684
0,2.0075292468425223,17,18,41.616325,93312.0,294,26,8.113392,832.0,498,86,2088,17.0,1403.0,1.4,1.0863128407412879,2.3333333333333335
1,1.8390766942151904,19,20,116.95627916299809,279936.0,368,26,8.93556,1116.0,736,96,3074,18.999999940395355,2427.0,1.4736842105263157,1.402993418443045,1.2
0,1.7908763705844475,20,22,130.2355248044,3538944.0,444,33,9.8155155,1189.0,730,104,3214,19.999999821186066,2083.0,1.3333333333333333,0.5689955935892812,2.6363636363636362
1,1.7220748228522864,21,22,50.285324,2654208.0,450,26,10.292025,1370.0,1046,98,4388,20.99999988079071,3926.0,1.2,0.8180959929710641,2.090909090909091
0,1.9033154004154003,18,19,44.418957,124416.0,322,26,8.3986845,824.0,614,94,2576,18.0,1911.0,1.5,1.5275070675902451,2.263157894736842
0,1.8746605056411687,15,16,36.920746,31104.0,224,20,7.1815405,518.0,369,76,1576,15.000000059604645,1018.0,1.1111111111111112,1.103307408607834,2.3125
1,2.5395388613593903,5,4,10.118118,6.0,12,2,2.2700555,18.0,18,16,68,5.000000059604645,28.0,1.0,0.9709505944546688,1.0
1,4.881188030574913,29,28,160.39782617319773,28311552.0,756,36,13.977535,2560.0,2560,122,9550,28.999999821186066,11512.0,1.5555555555555556,0.7876672014273051,1.0357142857142858
0,2.4177859013499994,18,18,42.381462,55296.0,300,24,8.504149,877.0,661,84,2582,18.0,2207.0,1.5384615384615385,1.6794293668139548,1.7777777777777777
0,1.993176049339423,11,12,27.278488,3456.0,118,15,5.37701,300.0,140,56,646,11.0,285.0,1.0,0.8658566174572236,2.8333333333333335
0,1.9747448713915894,4,3,7.635733,4.0,6,1,1.9142135,10.0,10,10,38,4.0,15.0,0.8,1.5,1.0
0,2.1229179499593664,7,7,16.189602,96.0,36,5,3.393847,78.0,42,30,193,7.0,71.0,0.6666666666666666,0.5916727785823274,2.7142857142857144
0,2.5053005950458793,16,16,37.59002,15552.0,234,21,7.5409126,640.0,454,74,1770,16.000000059604645,1323.0,1.3333333333333333,1.2987949406953987,1.875
0,4.6541262699779855,19,18,43.15764,27648.0,306,25,8.918363,738.0,738,82,2692,19.0,2344.0,1.5294117647058822,1.465255650113225,1.1666666666666667
1,3.8742731312899434,13,12,28.984669,648.0,132,12,5.913592,270.0,270,54,978,13.00000011920929,711.0,1.2857142857142858,1.3143204867061786,1.25
0,1.379845464965156,26,31,69.603424,2176782336.0,876,58,12.754019,3755.0,1377,158,6516,26.000000178813934,4401.0,0.8,0.3912435636292556,2.5483870967741935
0,2.6167277375096654,19,19,109.69828600281018,82944.0,336,26,8.897996,942.0,720,90,2795,19.0,2276.0,1.6923076923076923,1.6282202760321465,1.6842105263157894
0,3.423219820204003,12,11,26.733667,384.0,110,12,5.515167,233.0,233,50,850,12.0,654.0,1.4545454545454546,1.6140054628542204,1.1818181818181819
0,4.145433411615664,16,15,35.85224,5184.0,210,18,7.5276055,483.0,483,66,1758,15.999999940395355,1449.0,1.411764705882353,1.7640976555739163,1.2
0,2.42521501947903,7,7,17.306528,48.0,38,5,3.1278272,62.0,40,36,181,7.0,64.0,1.2,0.8631205685666311,1.1428571428571428
1,2.3237900077244498,4,3,7.8291545,3.0,6,0,1.7320507,9.0,9,12,36,4.0000001192092896,12.0,1.2,1.5,1.0
1,2.29725588417896,9,9,20.982206,288.0,66,10,4.3425355,142.0,86,40,365,9.0,167.0,1.0,0.9864267287308426,2.3333333333333335
1,1.9747448713915894,4,3,7.635733,4.0,6,1,1.9142135,10.0,10,10,38,4.0,15.0,0.8,1.0,1.0
1,2.34622717382778,9,9,21.18569,216.0,66,10,4.198377,144.0,84,42,357,9.000000059604645,160.0,0.8571428571428571,1.2243944454059863,2.3333333333333335
1,2.3555624654530263,10,10,23.475338,432.0,84,12,4.736382,189.0,116,46,480,10.0,242.0,1.0,1.1567796494470395,2.2
0,3.292940087315891,11,10,24.21196,216.0,90,9,5.0197444,184.0,184,44,670,11.00000011920929,491.0,1.2,1.4353713907745334,1.2
1,2.0,6,6,13.696714,64.0,24,3,3.0,54.0,27,24,132,6.0,42.0,0.0,0.0,3.0
0,2.9196126414385533,8,7,16.966919,48.0,42,6,3.8080604,75.0,75,28,272,8.0,165.0,1.4285714285714286,1.2987949406953987,1.1428571428571428
0,1.6848414699942416,14,15,34.095493,27648.0,198,16,6.843336,548.0,329,68,1444,13.99999988079071,953.0,1.0,0.5916727785823274,2.6
1,3.5832125652604643,8,7,17.422129,32.0,42,9,3.6819801,64.0,64,32,232,8.0,118.0,1.5555555555555556,1.4056390622295665,1.1428571428571428
0,2.7541847860376616,6,5,12.407307,12.0,20,4,2.8080602,31.0,31,20,114,6.0,54.0,1.4285714285714286,1.459147917027245,1.2
1,2.0,6,6,13.696714,64.0,24,3,3.0,54.0,27,24,132,6.0,42.0,1.1428571428571428,0.9182958340544894,1.0
1,1.6705047788676457,22,24,54.738968,8957952.0,534,33,10.63103,1674.0,1026,114,4422,21.999999940395355,3393.0,0.8571428571428571,0.5746356978376794,2.1666666666666665
1,1.8223308353016539,17,19,43.37503,279936.0,318,31,8.1815405,1000.0,452,94,2027,17.00000011920929,1156.0,0.8571428571428571,0.8343470230852539,2.3684210526315788
1,2.0526389992771588,12,13,29.781929,5184.0,142,18,5.787694,366.0,176,62,790,12.000000059604645,370.0,0.8,0.6500224216483541,2.6923076923076925
1,2.3555624654530263,10,10,57.73594000147904,432.0,84,12,4.7363815,189.0,116,46,480,10.0,242.0,1.0,0.9219280948873624,2.2
0,1.910317827756064,13,14,32.13808,10368.0,167,16,6.2708573,357.0,239,66,1053,13.0,580.0,1.1428571428571428,0.9912642605354288,2.0
0,2.131282138537568,10,10,23.241674,576.0,84,9,4.7876935,189.0,126,44,526,10.0,287.0,1.3333333333333333,1.1567796494470395,2.3
0,2.5183970533575946,16,16,37.813637,11664.0,234,23,7.4515963,640.0,450,76,1756,16.00000011920929,1317.0,1.4545454545454546,1.061278124459133,1.8125
0,2.34622717382778,9,9,21.18569,216.0,66,10,4.198377,144.0,84,42,357,9.000000059604645,160.0,0.8,0.9864267287308426,2.3333333333333335
0,2.9092034840554453,16,16,38.687775,5184.0,234,25,7.031711,568.0,392,84,1524,16.0,968.0,0.6666666666666666,0.3372900666170139,1.75
0,3.4465670564581465,13,12,68.1253782157199,648.0,132,14,5.9472647,296.0,296,54,1082,13.000000238418579,887.0,1.7142857142857142,1.7381493331928664,1.1666666666666667
0,2.3006345495185876,9,9,21.270182,216.0,68,8,4.198377,103.0,87,42,366,9.000000059604645,173.0,1.6,1.8910611120726528,2.2222222222222223
0,2.5260422803956035,13,13,30.750807,1944.0,150,18,6.019745,360.0,240,62,953,13.000000178813934,576.0,1.3333333333333333,1.419556298571613,2.076923076923077
1,1.9747448713915894,4,3,7.6357336,4.0,6,1,1.9142135,10.0,10,10,38,4.0,15.0,0.8,1.0,1.0
0,1.6375981036696632,16,17,38.654427,110592.0,260,18,7.8433366,729.0,495,76,2144,15.99999988079071,1603.0,1.4285714285714286,0.8683927290103626,1.0588235294117647
1,1.820792880013236,11,13,33.638172,6912.0,126,18,5.315515,139.0,139,68,694,10.999999821186066,277.0,1.6666666666666667,1.617189572592715,1.0769230769230769
1,0.9184177081676698,52,57,337.0852899522291,3.0814043149172736e+16,3107,89,25.253233,23234.0,14222,274,60687,51.99999958276749,116855.0,1.28,0.9989525689736319,1.6666666666666667
1,3.1600355763973464,10,9,21.729345,144.0,72,8,4.6639023,142.0,142,38,516,10.000000059604645,361.0,1.2,0.7219280948873623,1.2222222222222223
0,1.7698481051020944,22,23,134.2585039024162,1990656.0,494,31,10.381846,1635.0,1176,110,4878,21.999999940395355,4628.0,1.5,1.3410971216314893,1.6956521739130435
0,2.2794002709583676,8,8,18.692554,144.0,50,8,3.8045306,106.0,60,36,264,8.000000059604645,106.0,0.8,0.8112781244591328,2.5
0,2.9278193611827583,8,7,17.160124,36.0,42,5,3.6258976,74.0,74,30,270,8.00000011920929,161.0,1.25,1.4056390622295665,1.2857142857142858
0,1.7778927299584908,21,22,128.49050085761,1327104.0,441,31,9.971164,1323.0,1014,104,4245,20.99999988079071,3768.0,1.5,1.4012343792962176,1.6818181818181819
1,1.3388553355945918,16,18,43.13317,331776.0,270,17,7.8989787,676.0,509,84,2356,15.999999761581421,1697.0,1.2307692307692308,0.8112781244591328,1.6666666666666667
0,2.3673160831994275,16,16,37.821384,13824.0,234,22,7.5041494,653.0,473,76,1858,16.0,1468.0,1.5384615384615385,1.7743974703476992,1.875
1,2.8318199660707846,7,6,14.687113,24.0,30,5,3.3080602,50.0,50,24,182,7.0,99.0,1.2,0.8631205685666311,1.3333333333333333
0,2.0721148271104752,11,12,27.593103,2592.0,120,15,5.287694,232.0,137,58,626,11.000000059604645,273.0,1.3333333333333333,0.8453509366224364,2.1666666666666665
0,3.154490065368808,7,6,15.10344,16.0,30,4,3.06066,46.0,46,28,170,7.0,84.0,1.25,1.1488348542809168,1.0
1,2.2794002709583676,8,8,18.692554,144.0,50,8,3.8045306,106.0,60,36,264,8.000000059604645,106.0,0.6666666666666666,0.5435644431995964,2.5
1,2.487265641213951,10,10,57.73594000147904,324.0,84,13,4.609061,184.0,110,48,456,10.00000011920929,215.0,0.8888888888888888,1.295461844238322,2.2
0,1.5986594573645951,14,15,33.881943,36864.0,198,15,6.9494896,541.0,343,66,1516,13.99999988079071,1032.0,0.8,0.5916727785823274,2.6666666666666665
0,2.540874859306281,12,12,28.258135,1296.0,126,16,5.6258974,278.0,188,56,756,12.000000178813934,416.0,1.1428571428571428,1.2516291673878228,2.1666666666666665
1,2.34622717382778,9,9,21.18569,216.0,66,10,4.198377,144.0,84,42,357,9.000000059604645,160.0,0.8,0.7642045065086203,2.3333333333333335
1,2.4619689397977487,10,10,23.688892,324.0,84,13,4.609061,186.0,111,48,460,10.00000011920929,220.0,0.6666666666666666,0.46899559358928117,2.2
0,2.0221130827473526,13,14,32.061287,10368.0,168,19,6.2876945,438.0,226,66,994,13.000000059604645,512.0,1.2,0.9912642605354288,2.642857142857143
0,3.541196965079901,7,6,15.326359,12.0,30,6,2.9433756,42.0,42,30,156,7.000000059604645,69.0,1.5,1.8423709931771086,1.1666666666666667
0,2.1229179499593664,7,7,16.189602,96.0,36,5,3.393847,78.0,42,30,193,7.0,71.0,0.6666666666666666,0.5916727785823274,2.7142857142857144
1,4.020391543176799,8,7,18.053158,16.0,42,9,3.25,58.0,58,38,214,8.0,97.0,1.3333333333333333,0.8112781244591328,1.0
0,1.8729028239551901,19,20,46.41761,331776.0,366,30,9.093466,1136.0,728,96,3030,19.0,2393.0,1.5714285714285714,1.893766673801451,1.75
1,2.5395388613593903,5,4,10.118118,6.0,12,2,2.2700555,18.0,18,16,68,5.000000059604645,28.0,0.8,0.9709505944546688,1.0
1,2.19060968716425,5,4,9.915316,8.0,12,2,2.4142134,20.0,20,14,74,5.0,35.0,0.8,0.9709505944546688,1.25
1,2.3462271738277805,9,9,21.18569,216.0,66,10,4.198377,144.0,84,42,357,9.000000059604645,160.0,0.8571428571428571,1.2243944454059863,2.3333333333333335
0,2.108916212262288,19,21,49.82349,248832.0,386,48,8.686411,866.0,552,116,2379,19.0,1358.0,1.2222222222222223,1.6798229071556272,1.0952380952380953
1,2.171098317873574,4,4,10.719223,12.0,11,0,1.8938468,8.0,8,18,48,4.0,10.0,1.0,0.8112781244591328,1.0
0,2.861107405954181,14,14,33.499176,2187.0,176,25,6.3747854,412.0,268,70,1050,14.000000417232513,604.0,1.0666666666666667,1.7273966735744788,1.9285714285714286
0,2.2196963831282037,13,13,30.516434,2592.0,150,15,6.0922246,376.0,268,60,1077,13.000000059604645,735.0,1.4,1.352030101757953,2.0
1,1.0950521727500382,44,48,110.5321,35664401793024.0,2186,79,21.083721,13852.0,8379,236,35465,43.99999976158142,57111.0,1.2307692307692308,0.6837341973730316,1.2916666666666667
1,2.4705134897620322,11,11,25.968481,648.0,104,14,5.109061,232.0,148,52,603,11.00000011920929,315.0,1.1111111111111112,1.4353713907745331,2.1818181818181817
0,1.875550994517662,14,15,34.127544,27648.0,196,19,6.915015,541.0,303,68,1310,13.999999940395355,796.0,1.0,0.5916727785823274,2.466666666666667
0,3.934472326013647,16,15,35.881943,5184.0,210,21,7.599284,502.0,502,66,1834,16.0,1611.0,1.5384615384615385,1.2987949406953987,1.1333333333333333
1,2.3462271738277805,9,9,21.18569,216.0,66,10,4.198377,144.0,84,42,357,9.000000059604645,160.0,0.8,0.9864267287308426,2.3333333333333335
0,1.8844869557950874,15,16,36.405502,55296.0,228,20,7.4150147,580.0,364,72,1576,14.999999940395355,974.0,1.0,0.9055872616982602,2.5625
0,1.9747448713915894,4,3,7.6357336,4.0,6,1,1.9142135,10.0,10,10,38,4.0,15.0,1.2,1.5,1.0
